<archetype xmlns="http://maven.apache.org/plugins/maven-archetype-plugin/archetype/1.0.0"
           xmlns:xsi="http://www.w3.org/2001/XMLSchema-instance"
           xsi:schemaLocation="http://maven.apache.org/plugins/maven-archetype-plugin/archetype/1.0.0 http://maven.apache.org/xsd/archetype-1.0.0.xsd">
    <id>quickstart</id>
    <sources>
        <source>src/main/java/MySourceConnector.java</source>
        <source>src/main/java/MySourceConnectorConfig.java</source>
        <source>src/main/java/MySourceTask.java</source>
        <source>src/main/java/MySinkTask.java</source>
        <source>src/main/java/MySinkConnector.java</source>
        <source>src/main/java/MySinkConnectorConfig.java</source>
        <source>src/main/java/VersionUtil.java</source>
    </sources>
    <resources>
        <resource>src/main/assembly/package.xml</resource>
        <resource>config/connect-avro-docker.properties</resource>
        <resource>config/MySinkConnector.properties</resource>
        <resource>config/MySourceConnector.properties</resource>
        <resource>README.md</resource>
        <resource>docker-compose.yml</resource>
        <resource>bin/debug.sh</resource>
        <resource>src/test/resources/logback.xml</resource>
    </resources>
    <testSources>
        <source>src/test/java/MySinkConnectorConfigTest.java</source>
        <source>src/test/java/MySinkConnectorTest.java</source>
        <source>src/test/java/MySinkTaskTest.java</source>
        <source>src/test/java/MySourceConnectorConfigTest.java</source>
        <source>src/test/java/MySourceConnectorTest.java</source>
        <source>src/test/java/MySourceTaskTest.java</source>
    </testSources>
</archetype>